Unique_Name,Mass,Class,Family,Guild,Include
Arctogalidia trivirgata,2250,MAMMALIA,VIVERRIDAE,Carnivore,0
Bassariscus sumichrasti,900,MAMMALIA,PROCYONIDAE,Omnivore,0
Brachypteracias squamiger,170,AVES,BRACHYPTERACIIDAE,Insectivore,1
Callosciurus caniceps,257,MAMMALIA,SCIURIDAE,Omnivore,0
Callosciurus notatus,205,MAMMALIA,SCIURIDAE,Omnivore,0
Caluromys derbianus,330,MAMMALIA,DIDELPHIDAE,Omnivore,0
Cheirogaleus major,450,MAMMALIA,CHEIROGALEIDAE,Omnivore,0
Coendou rothschildi,2000,MAMMALIA,ERETHIZONTIDAE,Herbivore,0
Coua caerulea,232,AVES,CUCULIDAE,Omnivore,0
Daubentonia madagascariensis,2500,MAMMALIA,DAUBENTONIIDAE,Herbivore,0
Eulemur rubriventer,1400,MAMMALIA,LEMURIDAE,Herbivore,0
Euoticus elegantulus,3000,MAMMALIA,GALAGIDAE,Omnivore,0
Funisciurus carruthersi,141,MAMMALIA,SCIURIDAE,Herbivore,0
Genetta victoriae,3000,MAMMALIA,VIVERRIDAE,Carnivore,0
Hapalemur griseus,2000,MAMMALIA,LEMURIDAE,Herbivore,0
Lepilemur microdon,900,MAMMALIA,LEPILEMURIDAE,Omnivore,0
Melogale moschata,939,MAMMALIA,MUSTELIDAE,Insectivore,0
Micrastur mirandollei,485,AVES,FALCONIDAE,Carnivore,0
Mitu mitu,3860,AVES,CRACIDAE,Herbivore,0
Neotragus moschatus,6499,MAMMALIA,BOVIDAE,Herbivore,1
Penelope marail,,AVES,CRACIDAE,Herbivore,0
Pithecia pithecia,1376,MAMMALIA,PITHECIIDAE,Herbivore,0
Presbytis melalophos,6300,MAMMALIA,CERCOPITHECIDAE,Herbivore,0
Prolemur simus,2400,MAMMALIA,LEMURIDAE,Herbivore,0
Propithecus edwardsi,5900,MAMMALIA,INDRIIDAE,Omnivore,0
Ramphastos tucanus,632,AVES,RAMPHASTIDAE,Omnivore,0
Sciurus aestuans,185,MAMMALIA,SCIURIDAE,Herbivore,0
Sciurus variegatoides,485,MAMMALIA,SCIURIDAE,Herbivore,0
Sciurus vulgaris,600,MAMMALIA,SCIURIDAE,Herbivore,0
Sciurus yucatanensis,225,MAMMALIA,SCIURIDAE,Herbivore,0
Sphiggurus mexicanus,2000,MAMMALIA,ERETHIZONTIDAE,Herbivore,0
Tupaia belangeri,200,MAMMALIA,TUPAIIDAE,Omnivore,0
Turtur brehmeri,113,AVES,COLUMBIDAE,Omnivore,1
Uromanis tetradactyla,2250,MAMMALIA,MANIDAE,Insectivore,0
Agelastes niger,1150,AVES,NUMIDIDAE,Omnivore,1
Alethe diademata,,AVES,TURDIDAE,,0
Alethe fuelleborni,,AVES,TURDIDAE,,0
Alethe poliocephala,,AVES,TURDIDAE,,0
Alouatta palliata,7275,MAMMALIA,ATELIDAE,Herbivore,0
Aplopelia larvata,116,AVES,COLUMBIDAE,Herbivore,1
Aquila africanus,1050,AVES,ACCIPITRIDAE,Carnivore,0
Aramides cajanea,397,AVES,RALLIDAE,Omnivore,1
Aramides calopterus,,AVES,RALLIDAE,,0
Arctictis binturong,13000,MAMMALIA,VIVERRIDAE,Carnivore,1
Arctonyx collaris,6356,MAMMALIA,MUSTELIDAE,Carnivore,1
Argusianus argus,2380,AVES,PHASIANIDAE,Omnivore,1
Atelocynus microtis,7750,MAMMALIA,CANIDAE,Carnivore,1
Atelornis crossleyi,,AVES,BRACHYPTERACIIDAE,,0
Atelornis pittoides,,AVES,BRACHYPTERACIIDAE,,0
Atherurus africanus,1934,MAMMALIA,HYSTRICIDAE,Omnivore,1
Atherurus macrourus,2000,MAMMALIA,HYSTRICIDAE,Omnivore,1
Atilax paludinosus,3300,MAMMALIA,HERPESTIDAE,Carnivore,1
Baryphthengus martii,195,AVES,MOMOTIDAE,Omnivore,1
Bdeogale crassicauda,1550,MAMMALIA,HERPESTIDAE,Carnivore,1
Bdeogale nigripes,2500,MAMMALIA,HERPESTIDAE,Carnivore,1
Bleda eximius,,AVES,PYCNONOTIDAE,Insectivore,0
Bleda notatus,,AVES,PYCNONOTIDAE,Insectivore,0
Bleda syndactylus,,AVES,PYCNONOTIDAE,Insectivore,0
Bos primigenius,,MAMMALIA,BOVIDAE,,0
Buteogallus anthracinus,950,AVES,ACCIPITRIDAE,Carnivore,0
Buteogallus urubitinga,1100,AVES,ACCIPITRIDAE,Carnivore,0
Bycanistes fistulator,550,AVES,BUCEROTIDAE,Omnivore,0
Cabassous centralis,3810,MAMMALIA,DASYPODIDAE,Insectivore,1
Cabassous tatouay,5350,MAMMALIA,DASYPODIDAE,Insectivore,1
Cabassous unicinctus,4800,MAMMALIA,DASYPODIDAE,Insectivore,1
Callosciurus erythraeus,280,MAMMALIA,SCIURIDAE,Herbivore,1
Canirallus kioloides,269,AVES,RALLIDAE,Omnivore,1
Canirallus oculeus,277,AVES,RALLIDAE,Omnivore,1
Canis adustus,10250,MAMMALIA,CANIDAE,Carnivore,1
Canis lupus,45000,MAMMALIA,CANIDAE,Carnivore,0
Capricornis milneedwardsii,160000,MAMMALIA,BOVIDAE,Herbivore,1
Capricornis sumatraensis,140000,MAMMALIA,BOVIDAE,Herbivore,1
Caracal aurata,16000,MAMMALIA,FELIDAE,Carnivore,1
Caracara plancus,1250,AVES,FALCONIDAE,Carnivore,0
Cathartes aura,1550,AVES,CATHARTIDAE,Carnivore,0
Cebus albifrons,2629,MAMMALIA,CEBIDAE,Omnivore,0
Cebus apella,2500,MAMMALIA,CEBIDAE,Omnivore,0
Cebus capucinus,2733,MAMMALIA,CEBIDAE,Omnivore,0
Centropus sinensis,252,AVES,CUCULIDAE,Omnivore,0
Cephalophus callipygus,18250,MAMMALIA,BOVIDAE,Herbivore,1
Cephalophus dorsalis,20000,MAMMALIA,BOVIDAE,Omnivore,1
Cephalophus harveyi,14500,MAMMALIA,BOVIDAE,Herbivore,1
Cephalophus leucogaster,12700,MAMMALIA,BOVIDAE,Herbivore,1
Cephalophus niger,20400,MAMMALIA,BOVIDAE,Herbivore,1
Cephalophus nigrifrons,13900,MAMMALIA,BOVIDAE,Herbivore,1
Cephalophus ogilbyi,20000,MAMMALIA,BOVIDAE,Herbivore,1
Cephalophus silvicultor,72500,MAMMALIA,BOVIDAE,Herbivore,1
Cephalophus spadix,56000,MAMMALIA,BOVIDAE,Omnivore,1
Cephalophus weynsi,2001,MAMMALIA,BOVIDAE,Herbivore,1
Cercocebus agilis,8000,MAMMALIA,CERCOPITHECIDAE,Omnivore,1
Cercocebus sanjei,8000,MAMMALIA,CERCOPITHECIDAE,Omnivore,1
Cercocebus torquatus,7750,MAMMALIA,CERCOPITHECIDAE,Omnivore,1
Cercopithecus lhoesti,5375,MAMMALIA,CERCOPITHECIDAE,Omnivore,1
Cercopithecus mitis,5000,MAMMALIA,CERCOPITHECIDAE,Omnivore,1
Cercopithecus nictitans,5410,MAMMALIA,CERCOPITHECIDAE,Omnivore,1
Chalcophaps indica,107,AVES,COLUMBIDAE,Herbivore,1
Chamaeza nobilis,,AVES,FORMICARIIDAE,,0
Civettictis civetta,12000,MAMMALIA,VIVERRIDAE,Omnivore,1
Cochlearius cochlearius,600,AVES,ARDEIDAE,Carnivore,0
Colobus angolensis,9850,MAMMALIA,CERCOPITHECIDAE,Herbivore,0
Columbina talpacoti,47,AVES,COLUMBIDAE,Herbivore,0
Conepatus semistriatus,1200,MAMMALIA,MEPHITIDAE,Carnivore,1
Copsychus albospecularis,,AVES,MUSCICAPIDAE,,0
Corythopis torquatus,15,AVES,TYRANNIDAE,Insectivore,0
Coua reynaudii,,AVES,CUCULIDAE,Omnivore,1
Crax alector,3950,AVES,CRACIDAE,Omnivore,1
Crax rubra,3950,AVES,CRACIDAE,Omnivore,1
Cricetomys emini,1300,MAMMALIA,NESOMYIDAE,Omnivore,1
Cricetomys gambianus,1285,MAMMALIA,NESOMYIDAE,Omnivore,1
Crocuta crocuta,63000,MAMMALIA,HYAENIDAE,Carnivore,1
Cryptoprocta ferox,9500,MAMMALIA,EUPLERIDAE,Carnivore,1
Crypturellus cinereus,575,AVES,TINAMIDAE,Omnivore,1
Crypturellus cinnamomeus,440,AVES,TINAMIDAE,Omnivore,1
Crypturellus erythropus,384,AVES,TINAMIDAE,Omnivore,1
Crypturellus soui,220,AVES,TINAMIDAE,Omnivore,1
Crypturellus strigulosus,421,AVES,TINAMIDAE,Omnivore,1
Crypturellus undulatus,300,AVES,TINAMIDAE,Omnivore,1
Crypturellus variegatus,384,AVES,TINAMIDAE,Omnivore,1
Cuculus clamosus,78,AVES,CUCULIDAE,Omnivore,0
Cuniculus paca,8000,MAMMALIA,CUNICULIDAE,Herbivore,1
Cuon alpinus,12760,MAMMALIA,CANIDAE,Carnivore,1
Cynogale bennettii,4500,MAMMALIA,VIVERRIDAE,Carnivore,1
Dasyprocta fuliginosa,3500,MAMMALIA,DASYPROCTIDAE,Herbivore,1
Dasyprocta leporina,3020,MAMMALIA,DASYPROCTIDAE,Herbivore,1
Dasyprocta prymnolopha,3000,MAMMALIA,DASYPROCTIDAE,Herbivore,1
Dasyprocta punctata,2675,MAMMALIA,DASYPROCTIDAE,Herbivore,1
Dasypus kappleri,9500,MAMMALIA,DASYPODIDAE,Herbivore,1
Dasypus novemcinctus,4204,MAMMALIA,DASYPODIDAE,Herbivore,1
Dendrohyrax arboreus,2950,MAMMALIA,PROCAVIIDAE,Herbivore,1
Didelphis marsupialis,1091,MAMMALIA,DIDELPHIDAE,Omnivore,1
Dryolimnas cuvieri,181,AVES,RALLIDAE,Omnivore,0
Echinosorex gymnura,957,MAMMALIA,ERINACEIDAE,Insectivore,1
Eira barbara,3910,MAMMALIA,MUSTELIDAE,Omnivore,1
Electron platyrhynchum,60,AVES,MOMOTIDAE,Omnivore,0
Elephas maximus,2720000,MAMMALIA,ELEPHANTIDAE,Herbivore,1
Eliurus tanala,90,MAMMALIA,NESOMYIDAE,Herbivore,0
Eucometis penicillata,29,AVES,THRAUPIDAE,Omnivore,0
Eulemur rufifrons,300,MAMMALIA,LEMURIDAE,Herbivore,1
Eupetes macrocerus,69,AVES,EUPETIDAE,Insectivore,0
Eupleres goudotii,1500,MAMMALIA,EUPLERIDAE,Carnivore,1
Formicarius analis,59,AVES,FORMICARIIDAE,Insectivore,0
Formicarius colma,46,AVES,FORMICARIIDAE,Insectivore,0
Formicarius nigricapillus,70,AVES,FORMICARIIDAE,Insectivore,0
Fossa fossana,218,MAMMALIA,EUPLERIDAE,Carnivore,1
Francolinus africanus,426,AVES,PHASIANIDAE,Herbivore,1
Francolinus lathami,269,AVES,PHASIANIDAE,Herbivore,1
Francolinus nobilis,757,AVES,PHASIANIDAE,Herbivore,1
Francolinus pintadeanus,340,AVES,PHASIANIDAE,Herbivore,1
Francolinus squamatus,472,AVES,PHASIANIDAE,Herbivore,1
Funisciurus anerythrus,286,MAMMALIA,SCIURIDAE,Herbivore,1
Funisciurus lemniscatus,250,MAMMALIA,SCIURIDAE,Herbivore,1
Funisciurus leucogenys,297,MAMMALIA,SCIURIDAE,Herbivore,1
Funisciurus pyrropus,3200,MAMMALIA,SCIURIDAE,Herbivore,1
Furnarius leucopus,57,AVES,FURNARIIDAE,Insectivore,0
Galagoides demidovii,70,MAMMALIA,GALAGIDAE,Insectivore,0
Galictis vittata,3200,MAMMALIA,MUSTELIDAE,Carnivore,1
Galidia elegans,800,MAMMALIA,EUPLERIDAE,Carnivore,1
Galidictis fasciata,550,MAMMALIA,EUPLERIDAE,Carnivore,1
Galidictis grandidieri,1400,MAMMALIA,EUPLERIDAE,Carnivore,1
Gallus gallus,914,AVES,PHASIANIDAE,Omnivore,1
Genetta servalina,1055,MAMMALIA,VIVERRIDAE,Carnivore,1
Genetta tigrina,2225,MAMMALIA,VIVERRIDAE,Carnivore,1
Geotrygon frenata,305,AVES,COLUMBIDAE,Omnivore,1
Geotrygon montana,280,AVES,COLUMBIDAE,Omnivore,1
Geotrygon saphirina,,AVES,COLUMBIDAE,,0
Geotrygon violacea,190,AVES,COLUMBIDAE,Omnivore,1
Gorilla beringei,124251,MAMMALIA,HOMINIDAE,Herbivore,1
Gorilla gorilla,180000,MAMMALIA,HOMINIDAE,Herbivore,1
Grallaria varia,,AVES,FORMICARIIDAE,Insectivore,0
Guttera plumifera,1200,AVES,NUMIDIDAE,Omnivore,1
Guttera pucherani,1200,AVES,NUMIDIDAE,Omnivore,1
Helarctos malayanus,47000,MAMMALIA,URSIDAE,Omnivore,1
Hemicentetes nigriceps,100000,MAMMALIA,TENRECIDAE,Carnivore,1
Hemicentetes semispinosus,138,MAMMALIA,TENRECIDAE,Carnivore,1
Hemigalus derbyanus,2000,MAMMALIA,VIVERRIDAE,Carnivore,1
Herpestes brachyurus,2000,MAMMALIA,HERPESTIDAE,Carnivore,1
Herpestes naso,3000,MAMMALIA,HERPESTIDAE,Omnivore,1
Herpestes urva,1863,MAMMALIA,HERPESTIDAE,Carnivore,1
Heteromys desmarestianus,73,MAMMALIA,HETEROMYIDAE,Herbivore,0
Himantornis haematopus,390,AVES,RALLIDAE,Omnivore,1
Homo sapiens,62000,MAMMALIA,HOMINIDAE,Omnivore,0
Hoplomys gymnurus,240,MAMMALIA,ECHIMYIDAE,Omnivore,1
Hydrochoerus isthmius,10850,MAMMALIA,CAVIIDAE,Herbivore,1
Hyemoschus aquaticus,188500,MAMMALIA,TRAGULIDAE,Herbivore,1
Hylochoerus meinertzhageni,14936,MAMMALIA,SUIDAE,Omnivore,1
Hylophylax naevioides,17,AVES,THAMNOPHILIDAE,Insectivore,0
Hystrix africaeaustralis,8000,MAMMALIA,HYSTRICIDAE,Omnivore,1
Hystrix brachyura,8000,MAMMALIA,HYSTRICIDAE,Omnivore,1
Jacana jacana,120,AVES,JACANIDAE,Insectivore,0
Lariscus insignis,200,MAMMALIA,SCIURIDAE,Omnivore,1
Leopardus pardalis,11900,MAMMALIA,FELIDAE,Carnivore,1
Leopardus tigrinus,2250,MAMMALIA,FELIDAE,Carnivore,1
Leopardus wiedii,3250,MAMMALIA,FELIDAE,Carnivore,1
Leopoldamys sabanus,391,MAMMALIA,MURIDAE,Insectivore,1
Leptailurus serval,12000,MAMMALIA,FELIDAE,Carnivore,1
Leptotila cassini,156,AVES,COLUMBIDAE,Omnivore,1
Leptotila rufaxilla,155,AVES,COLUMBIDAE,Omnivore,1
Leptotila verreauxi,155,AVES,COLUMBIDAE,Omnivore,1
Leucopternis albicollis,745,AVES,ACCIPITRIDAE,Carnivore,0
Leucopternis schistaceus,,AVES,ACCIPITRIDAE,Carnivore,0
Lophotibis cristata,,AVES,THRESKIORNITHIDAE,Omnivore,1
Lophura diardi,1041,AVES,PHASIANIDAE,Omnivore,1
Lophura nycthemera,1358,AVES,PHASIANIDAE,Omnivore,1
Loxodonta africana,3940034,MAMMALIA,ELEPHANTIDAE,Herbivore,1
Lutra lutra,11000,MAMMALIA,MUSTELIDAE,Carnivore,1
Macaca arctoides,5000,MAMMALIA,CERCOPITHECIDAE,Omnivore,1
Macaca assamensis,12000,MAMMALIA,CERCOPITHECIDAE,Omnivore,1
Macaca fascicularis,4750,MAMMALIA,CERCOPITHECIDAE,Omnivore,1
Macaca leonina,6093,MAMMALIA,CERCOPITHECIDAE,Omnivore,1
Macaca nemestrina,6500,MAMMALIA,CERCOPITHECIDAE,Omnivore,1
Malacocincla malaccensis,,AVES,TIMALIIDAE,,0
Mandrillus leucophaeus,15000,MAMMALIA,CERCOPITHECIDAE,Omnivore,1
Manis javanica,5150,MAMMALIA,MANIDAE,Insectivore,1
Marmosa mexicana,50,MAMMALIA,DIDELPHIDAE,Omnivore,0
Marmosa murina,26,MAMMALIA,DIDELPHIDAE,Omnivore,0
Marmosa robinsoni,57,MAMMALIA,DIDELPHIDAE,Omnivore,0
Martes flavigula,1185,MAMMALIA,MUSTELIDAE,Omnivore,1
Mazama americana,22800,MAMMALIA,CERVIDAE,Herbivore,1
Mazama gouazoubira,8000,MAMMALIA,CERVIDAE,Herbivore,1
Mazama nemorivaga,672,MAMMALIA,CERVIDAE,Herbivore,1
Mazama temama,2100,MAMMALIA,CERVIDAE,Herbivore,1
Mellivora capensis,9000,MAMMALIA,MUSTELIDAE,Carnivore,1
Melogale personata,1703,MAMMALIA,MUSTELIDAE,Insectivore,1
Menetes berdmorei,,MAMMALIA,SCIURIDAE,,0
Metachirus nudicaudatus,375,MAMMALIA,DIDELPHIDAE,Omnivore,1
Micoureus demerarae,76,MAMMALIA,DIDELPHIDAE,Omnivore,0
Micoureus regina,119,MAMMALIA,DIDELPHIDAE,Omnivore,1
Microgale cowani,14,MAMMALIA,TENRECIDAE,Omnivore,0
Mitu salvini,,AVES,CRACIDAE,Omnivore,1
Mitu tuberosum,3060,AVES,CRACIDAE,Omnivore,1
Momotus momota,102,AVES,MOMOTIDAE,Omnivore,0
Monasa atra,91,AVES,BUCCONIDAE,Insectivore,0
Monodelphis brevicaudata,70,MAMMALIA,DIDELPHIDAE,Omnivore,0
Monodelphis glirina,40,MAMMALIA,DIDELPHIDAE,Omnivore,0
Monticola sharpei,,AVES,MUSCICAPIDAE,,0
Mungos mungo,1925,MAMMALIA,HERPESTIDAE,Insectivore,1
Muntiacus muntjak,14000,MAMMALIA,CERVIDAE,Herbivore,1
Myoprocta acouchy,600,MAMMALIA,DASYPROCTIDAE,Herbivore,1
Myoprocta pratti,1880,MAMMALIA,DASYPROCTIDAE,Herbivore,1
Myrmeciza ferruginea,21,AVES,THAMNOPHILIDAE,Insectivore,0
Myrmeciza hyperythra,33,AVES,THAMNOPHILIDAE,Insectivore,0
Myrmecophaga tridactyla,22333,MAMMALIA,MYRMECOPHAGIDAE,Insectivore,1
Myrmoborus myotherinus,19,AVES,THAMNOPHILIDAE,Insectivore,0
Myrmornis torquata,46,AVES,THAMNOPHILIDAE,Insectivore,0
Myrmothera campanisona,,AVES,FORMICARIIDAE,Insectivore,0
Mystacornis crossleyi,25,AVES,VANGIDAE,Insectivore,0
Nandinia binotata,2000,MAMMALIA,NANDINIIDAE,Omnivore,1
Nasua narica,4030,MAMMALIA,PROCYONIDAE,Omnivore,1
Nasua nasua,3794,MAMMALIA,PROCYONIDAE,Omnivore,1
Neofelis nebulosa,19852,MAMMALIA,FELIDAE,Carnivore,1
Neomorphus geoffroyi,350,AVES,CUCULIDAE,Omnivore,1
Nesillas typica,15,AVES,SYLVIIDAE,Insectivore,0
Nesoenas picturata,,AVES,COLUMBIDAE,,0
Nesomys rufus,163,MAMMALIA,NESOMYIDAE,Herbivore,1
Nothocercus bonapartei,925,AVES,TINAMIDAE,Omnivore,1
Nothocrax urumutum,,AVES,CRACIDAE,,1
Numida meleagris,1375,AVES,NUMIDIDAE,Omnivore,1
Odocoileus virginianus,55509,MAMMALIA,CERVIDAE,Herbivore,1
Odontophorus gujanensis,280,AVES,ODONTOPHORIDAE,Omnivore,1
Odontophorus guttatus,300,AVES,ODONTOPHORIDAE,Omnivore,1
Odontophorus leucolaemus,275,AVES,ODONTOPHORIDAE,Omnivore,1
Odontophorus stellatus,295,AVES,ODONTOPHORIDAE,Omnivore,1
Orycteropus afer,52350,MAMMALIA,ORYCTEROPODIDAE,Insectivore,1
Paguma larvata,4300,MAMMALIA,VIVERRIDAE,Insectivore,1
Pan troglodytes,45000,MAMMALIA,HOMINIDAE,Omnivore,1
Panthera onca,100000,MAMMALIA,FELIDAE,Carnivore,1
Panthera pardus,55615,MAMMALIA,FELIDAE,Carnivore,1
Panthera tigris,162564,MAMMALIA,FELIDAE,Carnivore,1
Papio anubis,21250,MAMMALIA,CERCOPITHECIDAE,Omnivore,1
Papio cynocephalus,18400,MAMMALIA,CERCOPITHECIDAE,Omnivore,1
Paradoxurus hermaphroditus,3200,MAMMALIA,VIVERRIDAE,Omnivore,1
Paraxerus boehmi,70,MAMMALIA,SCIURIDAE,Herbivore,0
Paraxerus vexillarius,675,MAMMALIA,SCIURIDAE,Herbivore,1
Pardofelis marmorata,2459,MAMMALIA,FELIDAE,Carnivore,1
Pardofelis temminckii,12500,MAMMALIA,FELIDAE,Carnivore,1
Patagioenas plumbea,202,AVES,COLUMBIDAE,Herbivore,0
Pecari tajacu,21267,MAMMALIA,TAYASSUIDAE,Omnivore,1
Pellorneum capistratum,,AVES,TIMALIIDAE,,0
Penelope jacquacu,1460,AVES,CRACIDAE,Herbivore,1
Penelope pileata,1260,AVES,CRACIDAE,Herbivore,1
Penelope purpurascens,1750,AVES,CRACIDAE,Herbivore,1
Penelope superciliaris,1075,AVES,CRACIDAE,Herbivore,1
Peromyscus leucopus,21,MAMMALIA,CRICETIDAE,Herbivore,0
Petrodromus tetradactylus,188,MAMMALIA,MACROSCELIDIDAE,Insectivore,1
Phaethornis longirostris,6,AVES,TROCHILIDAE,Omnivore,0
Phataginus tricuspis,1800,MAMMALIA,MANIDAE,Insectivore,1
Philander andersoni,325,MAMMALIA,DIDELPHIDAE,Omnivore,1
Philander opossum,421,MAMMALIA,DIDELPHIDAE,Omnivore,1
Philantomba monticola,4600,MAMMALIA,BOVIDAE,Herbivore,1
Picathartes oreas,225,AVES,PICATHARTIDAE,Omnivore,1
Pitta angolensis,72,AVES,PITTIDAE,Insectivore,0
Pitta guajana,100,AVES,PITTIDAE,Insectivore,0
Pitta moluccensis,,AVES,PITTIDAE,Insectivore,0
Polyplectron bicalcaratum,737,AVES,PHASIANIDAE,Omnivore,1
Potamochoerus larvatus,48781,MAMMALIA,SUIDAE,Omnivore,1
Potamochoerus porcus,70000,MAMMALIA,SUIDAE,Omnivore,1
Presbytis siamensis,6600,MAMMALIA,CERCOPITHECIDAE,Herbivore,1
Priodontes maximus,45360,MAMMALIA,DASYPODIDAE,Insectivore,1
Prionailurus bengalensis,3300,MAMMALIA,FELIDAE,Carnivore,1
Prionodon linsang,700,MAMMALIA,PRIONODONTIDAE,Carnivore,1
Procolobus gordonorum,8329,MAMMALIA,CERCOPITHECIDAE,Herbivore,0
Procyon cancrivorus,6950,MAMMALIA,PROCYONIDAE,Carnivore,1
Procyon lotor,5525,MAMMALIA,PROCYONIDAE,Omnivore,1
Proechimys brevicauda,285,MAMMALIA,ECHIMYIDAE,Omnivore,1
Proechimys cuvieri,330,MAMMALIA,ECHIMYIDAE,Omnivore,1
Proechimys guyannensis,225,MAMMALIA,ECHIMYIDAE,Omnivore,1
Proechimys semispinosus,361,MAMMALIA,ECHIMYIDAE,Omnivore,1
Proechimys steerei,250,MAMMALIA,ECHIMYIDAE,Omnivore,1
Protoxerus stangeri,592,MAMMALIA,SCIURIDAE,Herbivore,1
Psophia crepitans,1300,AVES,PSOPHIIDAE,Omnivore,1
Psophia leucoptera,1250,AVES,PSOPHIIDAE,Omnivore,1
Psophia viridis,1100,AVES,PSOPHIIDAE,Omnivore,1
Pteronura brasiliensis,24000,MAMMALIA,MUSTELIDAE,Carnivore,1
Puma concolor,51600,MAMMALIA,FELIDAE,Carnivore,1
Puma yagouaroundi,8400,MAMMALIA,FELIDAE,Carnivore,1
Rallus caerulescens,180,AVES,RALLIDAE,Omnivore,0
Rallus madagascariensis,,AVES,RALLIDAE,Insectivore,0
Rattus rattus,280,MAMMALIA,MURIDAE,Omnivore,1
Rhinosciurus laticaudatus,221,MAMMALIA,SCIURIDAE,Herbivore,1
Rhizomys sumatrensis,250,MAMMALIA,SPALACIDAE,Herbivore,1
Rhynchocyon cirnei,490,MAMMALIA,MACROSCELIDIDAE,Insectivore,1
Rhynchocyon udzungwensis,750,MAMMALIA,MACROSCELIDIDAE,Insectivore,1
Rollulus rouloul,217,AVES,PHASIANIDAE,Omnivore,1
Rusa unicolor,211620,MAMMALIA,CERVIDAE,Herbivore,1
Saimiri boliviensis,615,MAMMALIA,CEBIDAE,Insectivore,0
Saimiri sciureus,743,MAMMALIA,CEBIDAE,Insectivore,0
Sarothrura watersi,,AVES,RALLIDAE,,0
Schistocichla leucostigma,,AVES,THAMNOPHILIDAE,,0
Sciurus granatensis,250,MAMMALIA,SCIURIDAE,Herbivore,1
Sciurus ignitus,190,MAMMALIA,SCIURIDAE,Herbivore,1
Sciurus igniventris,700,MAMMALIA,SCIURIDAE,Herbivore,1
Sciurus spadiceus,403,MAMMALIA,SCIURIDAE,Herbivore,1
Sclerurus mexicanus,27,AVES,FURNARIIDAE,Insectivore,0
Setifer setosus,213,MAMMALIA,TENRECIDAE,Insectivore,1
Smutsia gigantea,12500,MAMMALIA,MANIDAE,Insectivore,1
Speothos venaticus,6000,MAMMALIA,CANIDAE,Carnivore,1
Spizaetus ornatus,1225,AVES,ACCIPITRIDAE,Carnivore,0
Stiphrornis erythrothorax,,AVES,MUSCICAPIDAE,,0
Sundasciurus hippurus,500,MAMMALIA,SCIURIDAE,Herbivore,1
Sundasciurus lowii,85,MAMMALIA,SCIURIDAE,Herbivore,0
Sundasciurus tenuis,75,MAMMALIA,SCIURIDAE,Herbivore,0
Sus scrofa,117286,MAMMALIA,SUIDAE,Omnivore,1
Sylvilagus brasiliensis,950,MAMMALIA,LEPORIDAE,Herbivore,1
Symphalangus syndactylus,12000,MAMMALIA,HYLOBATIDAE,Herbivore,0
Syncerus caffer,580003,MAMMALIA,BOVIDAE,Herbivore,1
Tachyphonus cristatus,19,AVES,THRAUPIDAE,Omnivore,0
Tamandua mexicana,4210,MAMMALIA,MYRMECOPHAGIDAE,Insectivore,1
Tamandua tetradactyla,5515,MAMMALIA,MYRMECOPHAGIDAE,Insectivore,1
Tapirus bairdii,225000,MAMMALIA,TAPIRIDAE,Herbivore,1
Tapirus indicus,296250,MAMMALIA,TAPIRIDAE,Herbivore,1
Tapirus terrestris,207501,MAMMALIA,TAPIRIDAE,Herbivore,1
Tayassu pecari,32234,MAMMALIA,TAYASSUIDAE,Omnivore,1
Tenrec ecaudatus,868,MAMMALIA,TENRECIDAE,Omnivore,1
Threnetes niger,,AVES,TROCHILIDAE,,0
Thryonomys gregorianus,2707,MAMMALIA,THRYONOMYIDAE,Herbivore,1
Thryonomys swinderianus,4060,MAMMALIA,THRYONOMYIDAE,Herbivore,1
Tinamus guttatus,689,AVES,TINAMIDAE,Omnivore,1
Tinamus major,1100,AVES,TINAMIDAE,Omnivore,1
Tinamus tao,1674,AVES,TINAMIDAE,Omnivore,1
Trachypithecus obscurus,6420,MAMMALIA,CERCOPITHECIDAE,Herbivore,0
Tragelaphus eurycerus,329003,MAMMALIA,BOVIDAE,Herbivore,1
Tragelaphus scriptus,43250,MAMMALIA,BOVIDAE,Herbivore,1
Tragelaphus spekii,77999,MAMMALIA,BOVIDAE,Herbivore,1
Tragulus javanicus,2250,MAMMALIA,TRAGULIDAE,Herbivore,1
Tragulus kanchil,2000,MAMMALIA,TRAGULIDAE,Herbivore,1
Tragulus napu,4000,MAMMALIA,TRAGULIDAE,Herbivore,1
Tremarctos ornatus,140001,MAMMALIA,URSIDAE,Omnivore,1
Tupaia glis,159,MAMMALIA,TUPAIIDAE,Omnivore,1
Tupaia tana,198,MAMMALIA,TUPAIIDAE,Insectivore,1
Turdus albicollis,59,AVES,TURDIDAE,Insectivore,0
Turtur afer,65,AVES,COLUMBIDAE,Omnivore,0
Turtur tympanistria,72,AVES,COLUMBIDAE,Omnivore,0
Viverra civettina,6600,MAMMALIA,VIVERRIDAE,Carnivore,1
Viverra zibetha,9000,MAMMALIA,VIVERRIDAE,Omnivore,1
Xenoperdix udzungwensis,,AVES,PHASIANIDAE,Omnivore,1
Zoothera gurneyi,45,AVES,TURDIDAE,Insectivore,0
 ,,,,,250
